0,1,2,label
-3.11427356853755,2.946293829089809,-11.29024212856149,0
-4.449238926327028,-7.262580557867822,-8.261481917643625,1
-4.150516931741206,-5.695003844696194,-9.190726902028048,1
-0.9655707340610018,2.721209827338323,-10.046570742786377,0
-1.5344639666688553,3.104680425840482,-9.610301924265238,0
-1.1106770083737223,4.1589748535235485,-10.222839979245139,0
-5.876265711187604,-3.066680509439123,-4.4170411737248685,2
-2.108190540286459,4.877049461499015,-11.396290731222932,0
-7.204675420707415,-3.7364075235813035,-2.683365701264802,2
-6.710649308157248,-4.261125744504987,-2.744881327443228,2
-2.726362704564968,5.775128201092732,-9.938389281013217,0
-4.759436429850474,-2.4208155160825324,-2.064634456662009,2
-2.9282104385278482,-6.862220931715744,-7.477492652439897,1
-6.0531908085724515,-2.7988127200407087,-3.29468269619257,2
-3.6928515458180264,-5.93810679361788,-7.300240891662442,1
-5.555034345540351,-6.099631077755159,-7.911451670980336,1
-8.058712174007008,-1.5431587494429897,-1.5679277628187547,2
-6.697820957959742,-4.778446810945535,-2.7408480911978526,2
-6.178202088636509,-2.290966918339164,-0.9490748263927062,2
-1.62752737777511,4.602760076389488,-9.090261343044666,0
-6.238682088675226,-0.6927084949200637,-0.3722987924225667,2
-0.02581091328201568,5.984779020411542,-10.586548518539471,0
-5.610434550217268,-6.768352563632216,-7.881421938261666,1
-3.1823080524971847,-8.646979032568725,-6.592381517034012,1
-3.595255559915665,-7.623958867436332,-8.154024735326793,1
-0.5489683555399774,3.806175916468643,-6.933417895709617,0
-4.897666436334301,-6.89350679969838,-9.010366511784166,1
-3.8788515002998123,-6.265869425246651,-8.188137963695484,1
-6.235207798211642,-4.202960661155138,-2.9949784700823496,2
-4.95422132937556,-2.2945751938444494,-2.4801362904498907,2
-5.1519483804884985,-7.033487267233195,-7.465544826837614,1
-6.418329717846807,-3.325827438169669,-1.1471717838745221,2
-4.365942835912722,-7.608499558705356,-7.332033908585843,1
-6.63742857418142,0.29407613527697585,-1.643961561188864,2
-4.8646269102317525,-9.61189085561626,-9.056227169505226,1
-6.315407973794981,-4.511484666667014,-2.508340009942933,2
-5.53837146505167,-3.1010654616965305,-2.0263477451415235,2
-5.312749595248583,-7.096313494102306,-7.5345628586488225,1
-5.779082352258188,-3.1381488045479866,-2.5225797192820774,2
-4.7529954371872725,-6.616214022020198,-9.64672903860532,1
-3.0586454141271764,3.8491575600014407,-9.790740027347065,0
-0.07380282466525157,4.2390751349763205,-10.062152555794754,0
-4.758061514392079,-7.344918468028359,-7.5284532314749235,1
-3.868257689380659,-5.8868876231139,-8.355228799342143,1
-3.556429568900361,-8.977660676765638,-7.601237868577956,1
-4.265921744090533,-7.638404315714798,-7.497657374985138,1
-2.5520191280649045,3.3105227042024943,-9.30919983305909,0
-9.244689883313317,-3.1024943352547525,-2.652547646185475,2
-3.41954784804285,-8.343421189892748,-7.67317361388898,1
-5.249791514178196,-3.7080860649985268,-1.504648693519202,2
-2.2915022903295448,3.3619892603914163,-10.164638474410898,0
-6.041469403324284,-2.973639891915227,-1.3142500505280843,2
-1.7431593639041447,2.568514244771959,-10.203774915322487,0
-1.64657194910259,5.189021918303475,-7.734580058534746,0
-3.7222495359339898,-2.5666516145036034,-4.158415063398905,2
-0.7771714310461202,5.142459717845148,-11.349074472019725,0
-0.4499812584039795,4.1637376813174365,-8.832440904160965,0
-5.527834138933283,-3.1997124415882316,-2.662374380408293,2
-3.9649579987007093,-7.093416485265052,-7.1757692768879435,1
-6.787914612422541,-1.814542876940276,-1.0144536854022241,2
-0.3837717855948679,5.128377631073778,-9.536499915779048,0
-2.5993206508820945,3.8304355427906316,-8.059587187253303,0
-2.1884642363125257,3.9422160782317817,-9.51914634607936,0
-7.627297469890294,-4.163620967002905,-2.8059737603615065,2
-3.375850425879252,4.993562787698592,-10.262874620085773,0
-6.197835231387978,-3.8626113954783725,-1.9794531010598841,2
-4.018990857581997,-2.905150101502695,-2.4071392520808916,2
0.3871487362571653,3.842711789503891,-10.190533412443067,0
-5.57821252965743,-7.604316042052778,-7.104398806260961,1
-0.9397001230919465,5.7839998962292425,-9.912915576253207,0
-1.2294645782147742,4.650071418284919,-11.461309552752766,0
-4.049263604725791,-7.281946314204763,-8.463768446592406,1
0.003384763881758568,4.972244194384555,-9.947283835758759,0
-2.343488035336129,3.0641854251789913,-10.178436685305615,0
-3.6304969917414236,-7.969425789844109,-7.352462440659763,1
-4.642401538859784,-7.396716033343296,-6.82102724780875,1
-1.5563969095085504,3.7848230211060367,-9.721994459619506,0
-4.786640304563034,-5.484627487483584,-7.5466065505181685,1
-4.561598421944787,-5.472855066072205,-7.8056931338872095,1
-5.823323667985372,-2.2825881261168344,-1.217315876498287,2
-7.856406549678213,-3.316242267408541,-1.6564223171042793,2
-1.8094632335401057,4.69060043687019,-7.521572874761187,0
-0.9088264407533585,5.216228392339836,-11.435817374768439,0
-5.2922603163359385,-5.008120717756926,-1.0124540104305342,2
-5.672259786882542,-3.781851391094443,-1.2904181613823735,2
-3.1381938153225994,-6.745984377884324,-8.045339149833586,1
-5.777888222785259,-3.5621002741139036,-1.5353511023915445,2
-10.087805034101104,-4.043409857580468,-1.627513743357361,2
-3.925038102504419,-7.306767237075929,-8.201366961838787,1
-8.370386591621994,-3.484006543552044,-1.8177661938833896,2
-5.243094158588349,-6.168784403987688,-5.787755083527636,1
-5.088219673669435,-6.96262773265863,-9.001079980376723,1
-5.508353694909668,-3.7505046876370125,-3.230641758157861,2
-2.5266845708077166,-7.3790051037199405,-7.496538138700124,1
-1.770313877837521,6.448518615842143,-9.55019181275958,0
-3.231808944494955,-7.147108640161204,-6.913303143761409,1
-4.006690306076713,-7.597696964730814,-5.9483933776027,1
-3.305618124611747,-7.671697263756338,-9.006351385588598,1
-2.326978152312624,4.864206361309662,-11.459832719742709,0
-4.376896925599697,-5.433856131056306,-2.09866361279682,2
-3.475176905193992,-6.182416262082604,-10.317649239950505,1
-5.005690308305894,-2.5752631053122403,0.8904253097789123,2
-1.9376377945952605,4.8431026400119705,-9.95949086357773,0
-4.021564456045705,-5.94137002551021,-7.113101736288543,1
-5.3510523716266825,-3.306667286835748,-1.265336392379231,2
-3.9289143147619403,-8.867950998833095,-8.966655387517466,1
-2.884251022752987,-7.878537111281578,-9.00378404948788,1
-3.622172903185594,4.264120670640055,-9.191412647888804,0
-2.831196271503962,5.167889846267713,-10.427586198588523,0
-0.0005072978278772844,4.717562440377183,-9.78199800967701,0
-5.192487980832082,-2.858446445543804,-2.4040859680984785,2
-4.453609312885808,-6.6691496305064675,-8.970206363713993,1
-1.7445417132510306,-7.20435232778935,-9.204868340152625,1
-2.931953123568865,-6.363703564232261,-8.512003783299605,1
-5.543183849657305,-2.2760037206802215,-3.618925430848966,2
-5.394604475317117,-7.4008490605898505,-9.140198148094063,1
-3.7326408888258986,-5.077599022897571,-8.130425582603028,1
-4.2433319062620445,-7.548747661232925,-8.125766628219067,1
-4.001727058746017,-6.78644036330706,-6.173032284961584,1
-2.1441229204452115,4.782374304640104,-9.24966402736526,0
-3.844383836974354,-8.037893910740914,-9.490730642365884,1
-4.285795657715036,-7.968501671047617,-7.596098889658457,1
-6.178131031085395,-2.6393032237089193,-2.087759869904688,2
-7.049199938507564,-2.5225165772748195,-0.34403251307489646,2
-2.6122839246944896,3.205466215897774,-10.076756482554611,0
-5.043309272690513,-6.4341912582766545,-8.120355874278532,1
-7.948540006491285,-5.272779264932479,-1.3788345199760252,2
-4.9288160523977425,-2.979721274106848,-1.8823084290146213,2
-2.718801237145808,4.6110454988214,-9.20393297522923,0
-3.6500567007112212,-6.510160872058364,-7.61932254233882,1
-6.3335447845312824,-2.8774569947367907,-3.532416851468769,2
-1.1216122929836372,4.797772523568494,-7.785797629488054,0
-3.4744380559863957,-4.829650429292585,-7.401671442556516,1
-4.755155634184357,-7.240239075528112,-6.682949411975706,1
-0.40356716486120137,3.7857396178268807,-9.023609656107489,0
-2.6768437538648007,-8.704974955785715,-8.264130580540801,1
-3.651775882795682,-6.713760691358063,-8.211483894701987,1
-3.128443222032038,-6.688012035075672,-6.211316645520274,1
-4.0711030910840345,-6.854991667025105,-7.907987364498796,1
-2.7753663052937556,-6.4630482519186945,-6.320034362682929,1
-3.4360185367569347,-5.576950617902551,-6.827776241035209,1
-5.296743172947033,-3.447173377715389,-2.7760281725449367,2
-6.969125106556684,-3.417505966728968,-2.281792412369168,2
-1.228130162301189,2.8971974757366317,-10.484045434422292,0
-7.120533849367713,-4.00252926978828,-3.619853726253658,2
-5.0545863670212645,-7.695813723921575,-6.6041521584849505,1
-5.362610800967145,-8.360648196934742,-6.41218147948891,1
-2.0462083810107328,3.8424422041240005,-9.953572667669262,0
-3.381570521097111,-4.902146246669255,-8.680198837211012,1
-7.854599569464559,-2.792636042514346,-2.453524403336601,2
-4.585814699949085,-3.9359199713496325,-1.0002949547605424,2
-3.4669045718614218,-5.394037210217373,-9.861443224316425,1
-7.77755656670348,-4.434042544950523,-3.190650286093196,2
-2.8862880441186514,-8.962474340461196,-8.693754158450762,1
-4.129021283681238,-8.348225874409714,-8.916225083537878,1
-2.8264625136785684,3.5138348253286624,-11.079022567532258,0
-7.8544203855220935,-4.738055470286087,-1.5033692587039125,2
-1.4280559556996555,4.68452394846769,-9.307680817511454,0
-5.271662880019922,-7.516930597212925,-7.204943888794343,1
-0.927946388653511,5.145993710248573,-9.386447842166284,0
-4.792284286253479,-7.297937998158451,-8.64383955525363,1
-5.900266005997015,-2.0334089913519104,-1.4132158222772127,2
-6.691120026942096,-1.9557109919393592,-1.7249077747651098,2
-2.387175025218306,4.6613188806788175,-10.064490280206135,0
-4.494515539447842,-4.840392072115192,-7.203777163219122,1
-4.7125334949915345,-6.828579267434227,-9.725668813466742,1
-3.4063606268464666,-7.07216329680886,-8.39209591305191,1
-4.372192556204498,-4.752606073761338,-3.0427241026616345,2
-5.762109692999751,-3.3334804205777258,-2.8897548868886593,2
-1.0761723723010164,5.165952505561784,-9.585022327682152,0
-0.6761759042271727,4.128130934462153,-10.390166586642822,0
-3.192241713565389,-5.048045774203061,-9.989107631904448,1
-4.147794632915668,-8.617461053447734,-6.570071277651938,1
-6.030361925474576,-7.464411839016488,-9.141554044145764,1
-3.3093174388991544,-6.381762138018392,-7.720838553117214,1
-2.3094636753242455,3.643677509823585,-9.115347341141316,0
-6.47029094982776,-2.7040590536987192,-2.512046791405599,2
-5.5880898948716835,-2.1532549687576386,-2.792197333769693,2
-4.3864325071551376,-7.399665693132706,-7.535985081117578,1
-3.215464846956798,-6.972875728185666,-6.943104535398333,1
-7.863793020280005,-1.7857863774405036,-3.1300792823595103,2
-5.999408750966408,-2.526618871974113,-0.7967408861710163,2
-0.1496630733650186,4.850670918770589,-10.592138440174951,0
-6.280578046692907,-4.632268656671734,-1.5601535217100622,2
0.21913979536338468,2.9694075960788875,-9.119256678956248,0
-7.339064129833348,-2.394283819258937,-1.8307059079906915,2
-6.940854371208692,-1.2762428182991006,-3.0886642946838796,2
-3.525396694740285,3.5988077506075618,-9.98869450136607,0
-5.489809998505005,-1.9449650781518841,-2.7560187281207384,2
-1.2660388652984844,5.227544107572412,-8.421908900454318,0
-4.471210618430191,-8.019021435181916,-8.182901883674955,1
-1.5826468380244658,5.021110055341426,-9.971154207405831,0
-4.215323279496069,-5.3873348523142015,-7.783284914663049,1
-1.9837535792066412,4.7172440999235645,-7.536084192251343,0
-4.597738282635295,-7.3247121623212035,-8.038285442255491,1
-3.9874508254054293,-7.2333363860908655,-7.487858901918615,1
-5.3492859657835305,-3.5657288925262884,-1.931485772838033,2
-4.083144663577349,-5.9375641336042495,-8.260604430607536,1
-4.948171258283626,-2.3227956606361984,-0.053991074918160464,2
-1.8602875325018493,4.703214059429586,-10.934999778563636,0
-1.3192837231052421,3.1481606789189565,-10.123092257433882,0
-3.91767267872503,-7.359651297743676,-7.154536205091888,1
-5.023836578890395,-3.558617636365332,-0.7229441145315927,2
-4.49735782148584,-5.706486925543878,-8.941820409965437,1
-0.1813042293883842,2.3263226790778067,-10.451140069109506,0
-6.053043445826832,-1.8265024016843516,-3.85235241331336,2
1.3992222840139052,3.601465218212296,-10.124935203672742,0
-3.45059542747852,-6.370897105789535,-9.62261718486809,1
-4.100257794290124,-6.769134653050809,-7.762374038715788,1
-3.0112616031506043,-6.451322430133656,-9.714089872479788,1
-7.657487125687035,-2.7398838378704697,0.010163450562564957,2
-2.3679919336001682,3.7563963025970573,-9.76454819708153,0
-1.199074314598276,2.574781560614237,-9.492802160759352,0
-0.14147158424473183,3.369087542459967,-9.531553831852529,0
-6.421459093955506,-4.516849555685002,-2.2898907292884685,2
-6.555880327278107,-2.7694456794390643,-2.971422699961103,2
-7.108961109572672,-2.349889776481107,-2.12210116581298,2
-7.429621057746555,-4.219328517797374,-2.020980747503546,2
0.9222432094052371,4.639281810706107,-11.805072691759747,0
-7.118057985456695,-2.447878977687156,-1.6394667271293881,2
-1.838554525731917,3.773373473796325,-9.523085335766162,0
-2.924592521878476,-7.843987509059813,-7.31789639155423,1
-6.317287844675205,-1.790211732884793,-1.182298660854424,2
0.22183573487310082,4.389873445537592,-8.69528138976223,0
-4.882604873414845,-1.549992559322607,-2.070446514483217,2
-5.559256741439494,-6.092918646175629,-7.729588360708361,1
-3.143596451649347,4.450367175889746,-10.639046669324292,0
-5.668528232509868,-3.4255051369721845,-2.3844535675781127,2
-7.276208045983099,-4.138979931930852,-0.9674501887980609,2
-2.7460421022311072,5.491630541791147,-9.689909881219135,0
-2.997582589724222,4.671747112287634,-10.8395558576101,0
-3.0762049076235627,5.080003326213006,-10.770006926982004,0
-6.400952370616027,-2.564838793880261,-1.5762368581091801,2
-4.95691514691748,-7.807745586315108,-7.793712824288059,1
-1.2577146412204534,3.6105968264474826,-9.27748001549742,0
-2.058828077868111,4.5875572854629425,-9.19022455362485,0
-0.7355669131474161,4.939661851642756,-10.582845541741314,0
-1.639372300819327,2.3757538034051837,-9.740369738042267,0
-5.749444569783965,-3.943603228821596,-1.7751453325682376,2
-3.522242466340457,-6.122552717462078,-9.407792469569356,1
-2.769922960684829,4.587704135478559,-9.433367638074644,0
-3.8777833222748663,-6.725469568833408,-8.280815786394237,1
-1.9647331054189765,6.2322636513113085,-10.35990636382952,0
-5.089066575872233,-7.617151301361487,-7.214761796058394,1
-3.6774873464212745,-6.111031758551416,-8.997122355010356,1
-1.6385486259564526,4.140152893704567,-10.369527628294058,0
-5.497947975891866,-6.142559971516599,-5.9565633038004995,1
-0.7952991904700689,3.7268071288507665,-10.660076591417257,0
-4.624188375539055,-8.122148917389971,-7.33606514714937,1
-3.922989093792565,-6.932900093874839,-8.444144773697644,1
-3.8900000256830705,-7.303789231887436,-8.400048215039295,1
-4.120008374058022,-6.946524013009572,-8.486203407277317,1
-0.8169761210802661,3.326304948639992,-10.399666930140535,0
-3.272799976451034,-7.5807962399408035,-7.497863668955274,1
-5.008505831771274,-3.878843660305508,-1.3431977548376821,2
-4.0280919794031975,-8.010067850495581,-10.347996682047956,1
-6.54136378931776,-3.28624845791696,-2.844132659406537,2
-0.6946726269069118,3.6650356605693446,-8.679121232535323,0
-3.700523537181763,-7.186309247338973,-6.288714447581615,1
-1.631636468437406,5.9912345155570055,-8.769475552144268,0
-2.3745292447098576,-8.110428637512321,-8.018212476024015,1
-4.5919185205386945,-7.9103781787646685,-7.169442327607067,1
-5.276499193007301,-3.62431949589167,-0.78269381557591,2
-7.641802960263659,-4.193532096260849,-3.4009624958020614,2
-1.5836228994327213,5.146587108805611,-10.286307411814084,0
-0.891593201867929,3.779625221402357,-6.727146803605258,0
-1.2798680259743864,4.290795114685232,-10.14433260484529,0
-5.964708762184244,-6.819458362285711,-7.031233166305191,1
-5.391871905933024,-4.0581483212887575,-2.325521028705378,2
-4.821619855244336,-1.5754438492893743,-0.9815677481530491,2
-1.3898816899015594,5.591778367161665,-9.613103134499672,0
-2.9599424288339917,-7.1975195641627305,-8.911615279845709,1
-4.161984992524264,-8.443030215759121,-6.77383506828423,1
-6.04553037339903,-2.538412961037728,-0.400421801156307,2
-4.488295117596447,-3.4723306767954445,-0.9521822034197998,2
-5.562387791827991,-3.11178698847933,-2.563704913733978,2
-1.279746215262457,5.288369448115784,-11.332225779030146,0
-5.927698767311907,-2.8787593411932173,-3.10120712832065,2
-6.735276387623208,-2.2515904065504606,-5.166100127017401,2
-4.8608926309198335,-1.7228638567414647,-1.4814767933300756,2
-5.853774261610579,-3.414885702219763,-3.3954659006859513,2
-4.172221047683392,-6.958548062242614,-7.536135522358261,1
-1.93964796955049,4.072844859534643,-10.406081320288155,0
-2.2395371488225244,4.044843930217937,-9.67763348772951,0
-6.532177049653775,-7.227473706344029,-8.799212914026025,1
-3.8022948867085824,-6.918497661884088,-7.6807240658202485,1
-0.9894397094411524,2.438035688335095,-11.21913608839462,0
-7.372791380598555,-4.1396464063297085,-0.6356980165062021,2
-3.6885859508275693,-3.1635468222387986,-2.8372339913006233,2
-3.1178455955452593,-7.8351329527447255,-6.035997887455741,1
-2.0447588019747136,4.339997296428578,-9.966317284019032,0
-2.017327156936596,4.227876951611352,-8.234709705648957,0
-3.0988563491234418,4.936695629754453,-9.67163927555022,0
-6.435292772387725,-3.609144578959321,-0.6029517760239247,2
-7.959523905075724,-3.585870923789838,-2.3388038071807173,2
-4.301693426634684,-7.3241589691998605,-8.286479810801376,1
-5.636194382904963,-7.06064919285741,-8.274764211953944,1
-2.16899242978632,-5.96361680064868,-9.574516921379686,1
-3.6217602705536107,-7.245665918655138,-7.054113989666243,1
-1.3553772380057303,5.873263963966126,-9.962126830713705,0
-2.8886757513432717,-7.9332612962254965,-6.5918887684086975,1
-0.5229703842591618,4.08748762184712,-10.012859635004784,0
-2.226070135247264,5.136465465257006,-9.624718714590186,0
-3.9456558919884954,-7.34703542231749,-6.511063466563456,1
-2.6573802288809403,-7.616893406193319,-7.331217861319644,1
-4.166437289355369,-6.533643380565879,-6.741752953418121,1
-3.3924214021811165,-5.936171334447682,-7.752971029895154,1
-5.284746861495237,-7.046385223751455,-8.684859237869466,1
-2.8112033215894865,6.206179881142566,-10.318147522688172,0
-5.264247555640659,-3.764627995741137,-2.171370339107236,2
-0.49735743601688953,4.728272341305877,-8.656394672085256,0
-6.313780095342044,-3.256092559020819,-3.856898393290254,2
-3.270219386433983,4.3226822282289294,-9.68213317857657,0
-4.9222281585057,-2.9548457900296685,-2.983236304343806,2
-3.4857285948253542,-5.863374158909916,-10.364936419768748,1
-5.57730757637749,-3.2035816042096585,-2.3296075191298318,2
-5.6177831027166265,-4.669132343562447,-1.1425646698970566,2
-0.14649086453332028,3.2207322655099353,-10.488019090181238,0
-1.6118401193518743,2.426614184255506,-8.87909761417,0
-2.7146160925658607,-6.710100164459222,-6.926702099276448,1
-6.775367961692835,-3.5213938549917234,-4.0989892786610795,2
-2.425005280921795,5.383918841292855,-11.6394691526255,0
-0.732809876512549,6.370115560298772,-12.492944620500898,0
-4.22399923273782,-6.1723471700415375,-7.097050431318927,1
-5.20506483016383,-2.7737312377218535,-1.3195630563659844,2
-2.5997607621832612,-7.055911887173801,-7.864656405161474,1
-2.047166701392881,3.718844522979257,-10.121380540777388,0
-7.139420062522166,-1.9094314021776115,-0.6516505215157742,2
-4.115111635913587,-6.750111434352926,-6.585975160670477,1
-6.713791917493672,-3.9550843092083037,-2.3374284265365053,2
-5.104976352294303,-4.110527419282101,-2.2317985615470386,2
-5.250055890188367,-6.549209543817354,-8.934572579276926,1
-3.4651440793603316,-6.985547280012339,-9.42146253652915,1
-1.0658347530214325,3.055932153439157,-9.167147834077756,0
-2.4214334026705226,3.838806748065673,-9.450948984749242,0
-5.701804305101217,-5.523155242413537,-7.430742414748318,1
-5.457285353468791,-2.1745015368155114,-2.3725196127736985,2
-5.361450239304975,-7.7527984233978,-9.805272829878719,1
-1.177017705029668,5.933401090267033,-10.341663116207192,0
-1.2639908376582907,4.177148298754892,-10.542196332497076,0
-6.62845133350567,-3.8294293864313445,-2.9135647274792773,2
-1.772614676907191,4.557798553762264,-7.478029785923205,0
-7.79421380240356,-2.838725110169878,-2.7993947278111952,2
-2.698451869326426,-8.639379287567769,-8.007015272402985,1
-6.247752772006704,-3.264513163780203,-2.901265887542456,2
0.23623148105126668,5.07470380060486,-9.05424810609038,0
-2.339920052119216,-6.478022236110387,-7.737777106287738,1
-4.720281973874483,-3.296003703604149,0.03911148974694534,2
-6.614506614909325,-2.4374309912177194,-1.6916359290644363,2
-5.187085577382327,-8.48197822522293,-8.700980165714638,1
-2.074370060288439,4.377973909968945,-8.463406390449112,0
-2.2523683318868652,3.038139534250157,-9.066573870922257,0
-3.1038875012848486,4.475575826553929,-10.22356152982348,0
-4.128741679981232,-7.562848537257265,-7.77908795141475,1
-4.6866680815633615,-6.342255401307498,-9.339391620806644,1
-0.9157314141301112,4.0154593962678184,-10.265752967476265,0
-2.5582275302949684,2.6997521148649843,-11.542789571684908,0
-5.224742304216196,-8.506522698700364,-9.05858065188437,1
-5.513831515482993,-1.254661186302464,-3.077828146742424,2
-1.0299719793122137,2.59306630588822,-8.450263926926871,0
-4.322034261622036,-4.489227475173271,-2.3344732459957163,2
-6.379297056074748,-1.3232292139069508,-1.215069105516976,2
-3.2797506759141473,-5.725178507902661,-7.941727877586845,1
-4.388304588996421,-3.073746335869552,-1.733651453666494,2
-1.3064968194752073,4.3356169705350425,-10.739148592567155,0
-2.025225543070808,5.24828755613825,-11.03927940370822,0
-1.7342881109549158,4.733069745624429,-10.725614938527729,0
-1.7786692389694359,2.1981260021940647,-10.234328210570643,0
-3.9512993619208348,-4.614913366235344,-7.025952438537839,1
-2.7998821907840874,6.386600554063567,-10.153719416615733,0
-6.323648124960275,-4.043198252618225,-0.34880604853855113,2
-2.7502347926066255,3.796504614981756,-9.691300124051978,0
-7.534540680789071,-2.6888176307903944,-2.619491656428407,2
-6.202870513777456,-2.907017338716183,-2.3476624516743527,2
-4.483734442255742,-6.88753214496777,-9.332116007477026,1
-6.417887863737157,-2.398135621225437,-1.9130502917065337,2
-4.251326000519323,-7.277871982006166,-8.282712240986147,1
-3.7212387353438747,-6.924398757375795,-6.923554894280871,1
-1.52746800299807,3.1358902666296657,-10.721918310848007,0
-1.9756835934364072,2.591427098858942,-9.313463003581557,0
-2.6529913711788633,-5.338905106933264,-8.596510628134691,1
-4.924054366659606,-7.057942122967516,-7.374577227824681,1
-5.83390962003403,-2.6459666363439722,-4.544991997200231,2
-3.4785982853828084,-5.76602788277047,-8.631530884382695,1
-1.9666005058466398,4.021741017551298,-9.982523358299114,0
-5.027555173395622,-3.7199167952930616,-1.8956443348965237,2
-5.366876476277817,-2.8628843904727206,-1.0902962491848616,2
-5.410859101847768,-4.364657476738734,-6.923429241544541,1
-3.4080359091073285,-6.506905616666628,-9.024617089026295,1
-3.0875102636001017,-6.90776438518402,-8.844898921196211,1
-5.753177443100301,-4.399082694296938,-1.1368478406469777,2
-6.920009007108462,-2.8069125701731914,-2.443392682411766,2
-8.965471124183324,-1.830616770718052,-1.7603176567447312,2
-0.255212420427847,4.286067920360864,-9.165484355294396,0
-0.6521673778357084,2.897574169121559,-9.586941550623466,0
-1.5692087261107142,4.2198923944677995,-9.254453934459915,0
-4.007095769056027,-8.223278949416612,-8.953900817264966,1
-4.022720331642769,-5.715892575441692,-6.793628935391983,1
-1.8611365756266085,3.4638342986213866,-10.169812473106157,0
-3.05117933245809,5.077624670800031,-10.316330137340664,0
-3.762354442848359,-6.894090202546844,-7.530326536441184,1
-2.995489899241659,3.7355481425625783,-8.302995625437262,0
-3.969795435315206,-6.507287284492543,-7.604973520545944,1
-7.5418494910146014,-3.685305979738968,-2.185262156411198,2
-3.4884196676162786,-8.412113593368009,-8.415607574096743,1
-4.8208219652674575,-6.067557358916237,-7.23928177821222,1
-4.882747110960155,-4.725052799555437,-5.437638938521415,1
-5.94222242401617,-1.6144463056476528,-2.115030261897282,2
-5.151686317172404,-2.193094707271921,-3.1433360022207943,2
-2.9935805407968767,-7.8574438012518195,-8.95001976353991,1
-2.001819108783121,4.988081462976044,-10.904828917016038,0
-3.929228644703739,-7.1287859365935144,-8.617402190084482,1
-3.267616311412554,5.17017032630082,-8.578713923944784,0
-5.074644558845076,-1.5267597899782293,-2.6372430564462936,2
-2.000388189150618,4.894084074942144,-8.258639475760207,0
-3.527591547466726,-6.224940253711668,-8.852882771650025,1
-2.0389187972115628,3.8628673793025494,-8.914094873019963,0
-5.251677239499678,-9.273494021716921,-9.351534920047447,1
-3.46924366372938,-5.588753279267352,-7.561831575050883,1
-7.320056317736612,-2.802009829017496,-2.231155664545544,2
-1.7289089642920186,5.924747582727327,-11.57107802561663,0
-3.381305127514298,-5.004023159622113,-8.498006207896108,1
-6.0060022936324975,-7.465046788858827,-7.926315186159187,1
-6.170142095859047,-4.937091477411713,-3.3751155780395443,2
-2.6398415099221983,2.4366562361659327,-9.276953641310289,0
-2.0508367203870597,5.025834706854616,-10.761404643323903,0
-1.1981309955686346,3.2806348900086713,-8.202343898836489,0
-2.438666860982658,3.6288271600092457,-9.375149706523555,0
-5.681517469125399,-4.078927741563183,-1.137298672761161,2
-1.8402867927171944,-8.589592868288202,-7.261256119112246,1
-7.272570324584475,-4.617375439647598,-2.5438386238142363,2
-5.306866986178684,-6.176379123622228,-8.79317468499138,1
-5.4970560177093875,-3.996908645915496,-1.5026892255146311,2
-6.575489888569655,-3.281888820989508,-0.704887712385553,2
-5.035883665952479,-1.7773309051573973,-2.2798141670580025,2
-3.763931329049754,-6.057089738887648,-8.054198553731437,1
-2.8482287798522665,4.503612882476609,-10.977815458033785,0
-2.0338869362313963,3.9831727280122307,-11.239580516467482,0
-2.817724001439619,-6.924679414529146,-8.20805298496452,1
-2.873503954428344,3.7369994117689576,-11.993129418833954,0
-7.375672021532454,-1.599370340240298,-3.856906017420652,2
-3.570905204056071,-6.23417984555503,-5.992885325416772,1
-7.00045077409269,-4.022250940931432,-1.6564568423075299,2
-2.1455858403033794,4.175085630592297,-10.244152513388098,0
-3.2852312020367465,-6.7933230747654445,-9.003628861514187,1
-5.503697047202213,-7.770098338628253,-8.225615500840625,1
-3.4654344300875994,-1.684855684751105,-3.0996936299510534,2
-2.85043320276864,-8.558624753018153,-7.359455196361065,1
-1.7853194026358656,5.5685155351387605,-10.649755702422626,0
-6.281753892711475,-3.2387262034825355,-2.1213944332689456,2
-7.552793774221706,-2.6408043204840226,-2.6214141656736896,2
-2.1642249103555073,4.798870690757487,-10.181933135204273,0
-5.2382690393724145,-4.618205866618235,-2.0881112417034147,2
-4.65125773662963,-2.241870123817215,-3.517437828238013,2
-1.2193964566618505,3.3328147009436173,-10.060815437535219,0
-0.5353345020176754,3.8200867569630113,-8.537715121773866,0
-2.0283102828153106,5.472107262385724,-9.923559829305814,0
-3.75110697636987,-6.993747009648307,-8.801313814680695,1
-3.5278458459529958,4.405684699874161,-7.937538738146676,0
-5.681182341511619,-2.884726964962423,-0.894912359676076,2
-0.5080192207496999,2.7840109329463605,-9.433856527421412,0
-6.544303061826321,-2.7757052073936226,-2.1748584636833623,2
-2.6009802560237656,-6.211321449796644,-8.059304955251141,1
-5.12822174942329,-6.684199464748099,-7.4502333518383805,1
-0.6143592787999379,5.416865349422716,-9.926875859708517,0
-5.775332704809575,-6.323157155005235,-8.18363788213282,1
-7.456564926758279,-3.7027477970893328,-3.4231079365705916,2
-2.6975986704913364,3.3970100420678455,-11.05596906556192,0
-1.285305989115464,5.611281543250997,-10.090461248594222,0
-6.7105892471383,-2.9650430024000904,-0.7036783084880451,2
-2.2550202360329115,5.4055411085970455,-10.305883244292202,0
-1.7459143056660733,-5.61901505333192,-6.971355566794106,1
-5.506400506642576,-4.886171733979822,-6.988349053417308,1
-0.4019146734277199,4.1923073626257645,-11.867421383278941,0
-6.089353005147489,-1.2731528817644868,-3.0201486556412167,2
-2.509612283141746,5.367309872936043,-10.215130678737799,0
-6.199058056679109,-3.0085529423177912,-3.9546947172425764,2
-7.105251366603376,-3.0424503057597634,-2.837440864071502,2
-2.576494403066449,5.360506251023375,-10.349089316707678,0
-2.4321551481026518,4.934129599729802,-10.179724831391155,0
-2.4721796500331674,3.618687816408346,-11.311927327268528,0
-1.6665244861375754,4.527748380646084,-10.712950162387653,0
-3.0852760648088613,-5.483322603318287,-8.637488131814269,1
-0.5971495603366974,4.177724599745465,-10.051550540000461,0
-7.380611702375374,-3.1511821522513115,-2.4376497684528786,2
-4.828752454629439,-2.9454683798669015,-0.05561409371235371,2
-4.725208107602703,-6.096916666373247,-8.149050752366566,1
-6.248858740788474,-6.293308524033204,-7.0820044213781985,1
-5.454949366156003,-2.17173920300642,-1.7798759078374633,2
-5.163810003419524,-8.443442930596499,-8.074108857416768,1
-3.709372332947902,-6.620468613248342,-8.189393614475152,1
-6.493476618797972,-2.712255621744786,-2.390402277067755,2
-6.321850927158875,-1.549381157957543,-1.4044912724906722,2
-7.676483589797677,-3.4199098470383196,-0.6956778970814259,2
-0.49172307364218004,3.1940000912239728,-12.154417763824014,0
-1.9692297773008953,3.2236510435151446,-10.602814002335693,0
-3.910815423660434,-8.420597967493425,-6.963465609486196,1
-2.663236915925353,4.520737795392483,-8.983956845116422,0
-3.2320496894356605,-5.8574428681960145,-7.894186146195396,1
-1.4567538455135463,5.25829497273066,-10.078516473360322,0
-4.692741626134222,-0.8685171835018393,-2.0059693764503486,2
-7.664352011136212,-1.241961305076643,-2.9986621400924154,2
0.03226622162464632,3.6585361273706116,-10.578509726909694,0
-3.0082964242799606,4.9973926206250585,-9.959757432646162,0
-5.82018303662128,-4.947285687662185,-1.8755829003077087,2
-4.7479130389932305,-8.255020247419179,-9.494760565307523,1
-5.371397333875892,-5.066618212317211,-1.4434506021274636,2
-0.07046925910653945,5.354360982109206,-9.33553808234017,0
-6.75248014789142,-4.062596041380748,-2.0077574186059652,2
-0.48533249200149053,4.925021698960515,-8.965025112411434,0
-5.984124087961677,-3.6971705920574918,-0.8866436573683594,2
-5.7095251547735035,-3.778580586293279,-2.0588108573694677,2
-0.847024717421322,4.617391900250656,-9.575933349002614,0
-0.36407289682232213,4.796607901111353,-11.002393826291337,0
-1.6114628779512037,3.2170355228864995,-10.17448468096276,0
-7.306720340398441,-3.4248272390310626,-1.9459339090616168,2
-6.055800021106247,-2.5214389431586017,-1.1493026335145133,2
-3.132170851781893,-6.409269847726095,-9.470304509084032,1
-2.565005125462356,4.5644753084988645,-9.979171500764103,0
-4.679913049063306,-7.226350236228074,-8.092581469316945,1
-3.843676218582769,-5.476770736485966,-6.597392329794373,1
-3.1156810435914615,-7.577526684593944,-6.3837408876372335,1
-2.4313959167841426,4.141529189715584,-8.890430274614255,0
-5.616544987644433,-5.652251426042518,-7.704736627880793,1
-2.0560457950144664,4.303412307792022,-8.588348347624773,0
-2.253579325478946,5.3947063088331415,-9.814608434228534,0
-5.496399070697344,-2.731670651756333,-3.0583793938347155,2
-0.7455464677203172,3.589833300088593,-7.0145611784719435,0
-2.1946502913755825,2.813577840680091,-10.964464710189182,0
-6.133257481743067,-3.9255151735316045,-2.7534796928136895,2
-6.265160839506735,-2.330737129947423,-2.899388260978485,2
-5.6983883011786265,-3.3577741548958198,-3.0630296707488993,2
-3.438105645355403,-6.5940232055725145,-9.310124281430639,1
-2.3616359919795764,4.475472951258462,-10.452170293041,0
-1.8640404701016122,4.295645407985639,-8.583229777138035,0
-5.512555241758677,-1.441124246080348,-2.7227796163448805,2
-6.428596562778193,-2.6132994665395546,-1.8332389068340973,2
-3.6409249579865666,-6.848251558184741,-8.872987165241604,1
-6.29494027849126,-4.287826338586339,-2.512158006018949,2
1.9137991679036563,3.889745439298058,-9.726712389779705,0
-2.01898070613308,3.9767398837748775,-10.274839166632317,0
-6.475436301477931,-7.250322618459712,-8.421617870989463,1
-5.622460881524973,-4.719968556463803,-3.206304283067359,2
-3.0164343473133353,-6.9876603964018695,-7.507696025375442,1
-6.5302703295841615,-2.827347495899391,-2.651130963315272,2
-5.572180965473475,-2.0312908900907063,-2.751119034293157,2
-2.9117765326204337,-8.638921639280163,-8.134622791972504,1
-4.150115500004652,-1.7260738034608076,-2.354562467759988,2
-1.4232740965045523,3.504679886142731,-10.308295290663022,0
-5.039807535102883,-2.9256705769267786,-1.7785010811300552,2
-6.491927460790082,-3.4343642695838628,-1.4734405431290376,2
-6.53763137672086,-3.6438193773824734,-2.574605050620928,2
-1.617404463718663,3.001929260159949,-8.018021977020856,0
-5.691284342352548,-3.2955537154541252,-1.6324831858582751,2
-1.8942246140370542,5.621105998251017,-9.783531037683103,0
-0.7329772439327028,4.201763889524143,-9.606925887832572,0
-7.225209350019106,-3.0079302714092835,-1.3203087535570721,2
-6.449461167117591,-3.708285521332662,-1.3410324622624639,2
-0.869666560742351,6.5926673764104295,-10.924403499278508,0
-7.2117815390996265,-3.155072272523619,-2.135561521552086,2
-6.178830697614052,-5.054383457768325,-1.1620725514466517,2
-1.4756293281132835,3.9903782888372756,-8.747662455778002,0
-6.278318146714164,-3.4187177879354125,-1.4509518994376516,2
0.10983863482956302,4.40327108526626,-10.664172635893514,0
-1.3345024783831254,4.194576945742464,-11.54443657204795,0
-3.2421931773070503,-4.9251554715830395,-7.7548499108838165,1
-5.3516091284125755,-7.649148562994914,-7.721652858186931,1
-3.6533872635912212,-6.470070510654381,-7.717086803506171,1
-2.6907395637353053,-6.622244570278651,-9.158717596191828,1
-1.9762927809646746,3.0377295332318694,-11.075826191818914,0
-5.854156653660594,-6.237697327557224,-7.797429499660691,1
-6.10793061451056,-3.9241791563848563,-2.121512615455787,2
-5.8791851136537545,-1.1449845622136579,-0.8633922297490126,2
-5.1476271592239335,-5.432102566099421,-8.992481500296893,1
-4.251750493223691,-5.314454923405279,-7.0143328906983715,1
-4.0230285107285315,5.5418352167433,-11.014726640120122,0
-1.2677070067425773,4.777236055682921,-8.924920703131189,0
-5.207667042623569,-3.4337927513997055,-1.6884871263872094,2
-3.6068168285453357,4.06216491532043,-9.092753828862422,0
-0.9103745616920348,4.114245555994998,-10.155520661153476,0
-0.8961312722359442,5.359753814756023,-10.431953253658104,0
-1.0032758271714814,4.343998275542544,-11.736366798648485,0
-4.66335311839671,-6.706337333651767,-8.200600606060677,1
-0.47883369459279335,5.443737410484761,-9.496108335862903,0
-5.542741580791836,-4.529121600167082,-1.7351108252403635,2
-6.28445772753081,-2.205895901162564,-2.383854612165025,2
-0.3925930947336309,5.211594357124573,-9.037406072194724,0
-7.3784592255665356,-2.7307118222539106,-1.3877001301358534,2
-1.2746744078101822,3.237631591373504,-8.744735714703095,0
-6.145039760430512,-3.761112486721984,-1.2750893350821588,2
-5.127946809205186,-3.5921856054113332,-0.9104976158244666,2
-6.640587673834157,-3.563187687882979,-1.7455430906908327,2
-2.906110353036642,4.745916967354885,-9.930415525598097,0
-3.0397871039128717,4.432018398808184,-8.608441768431991,0
-6.2842487601799295,-2.8622464524066578,-0.8104148648633964,2
-1.449627598575599,2.0088465784267497,-11.251426643253398,0
-2.0545848061790775,-6.305026216195532,-7.7108204532543105,1
-6.162350886520368,-3.061807602571106,-2.931269419927397,2
0.07586625043811068,3.2913682000334887,-10.128802254614401,0
-1.2246104522856451,5.0867020304643615,-8.128828484787963,0
-7.462801498511813,-2.17313300686808,-2.370308923868344,2
-1.4497467533671018,4.63466692629955,-8.656678822091003,0
-1.8590928212824918,4.639322167570319,-9.842319240020627,0
-4.457690427553429,-5.598669968656626,-8.11061772102178,1
-5.439804682824414,-5.157104026309291,-9.09666831993582,1
-6.463947275861161,-1.6798664372112195,-3.4889287984717496,2
-2.7014045773722763,-6.984277800052177,-6.73454697747923,1
-1.1257489936659568,4.314516569837288,-8.083892116084057,0
-9.27112410552436,-2.429571068587932,-2.355563745204587,2
0.028937148247758504,5.03230133975318,-11.609076316441447,0
-0.9419700801368158,4.155784959296772,-10.049242431457822,0
-1.4540146719799574,4.5494426093385405,-10.64754597896771,0
-7.498263225151332,-3.7598846853098107,-2.1086763912676036,2
-2.1570901088136045,3.3825644501414747,-9.551938939537042,0
-1.4030807792170226,4.177301786486184,-12.07935115198978,0
-7.077642426586621,-3.606963750808694,-2.7370040854999527,2
-7.60369143879233,-2.6216767976934943,-0.9841923086502085,2
-2.4570888206998984,-7.947507954580923,-5.854406609946551,1
-5.401953589245766,-5.461835726512175,-8.899617899703543,1
-5.369879849799554,-6.567498532336908,-9.695819122540911,1
-4.87456972174553,-6.486212317446263,-8.31993579799892,1
-0.5859031893267006,5.628292777298517,-8.508530068984557,0
-4.517362189824768,-5.3568175268224785,-8.408888922942104,1
-0.2681655100339029,3.024753928116973,-11.157731284958821,0
-1.5377538202892436,5.0601301262593426,-10.08686745133963,0
-5.722375077428578,-4.8626973052386075,-2.5349924120479277,2
-3.527614916811807,-6.978517021442493,-9.086178381328956,1
-6.2883638009643885,-2.1920209150880896,-2.6946841201650367,2
-2.0669672058960264,5.184523968201822,-9.762858489741372,0
-2.981087870706767,5.135025414866715,-8.685638552401798,0
-4.020238370134106,-8.402756741348465,-9.07426307695399,1
-4.324238735039496,-6.090971069580443,-9.521084896493365,1
-3.283549363148808,-7.8612872592317045,-8.558720411481534,1
-7.053071331353335,-1.923766768544445,-1.1782220275439947,2
-4.401502047574094,-6.901974473376961,-8.483287504892017,1
-4.604653958870653,-3.362503399919331,-0.1624830789636651,2
-1.517884721929334,6.143874542262341,-9.621943727105329,0
-6.621787997755286,-3.1281039032726947,-1.259430147249104,2
-4.507977580712975,-4.738337990412113,-2.882177532606115,2
-5.136825821452033,-3.01432016709061,-2.9207419671225163,2
-6.188167523932771,-1.635452662006199,-3.0260360525676475,2
-6.500698247477453,-4.134535618310929,-1.393271757672223,2
-2.506214170864806,-6.7204893492509905,-7.931153068980073,1
-8.453278893478927,-2.6749066055557895,-1.6805270857783,2
-1.3959744224364368,5.210585295634713,-9.062745467205694,0
-5.173095443095636,-9.559514472784587,-9.19851494568362,1
-6.126949068538015,-3.0853416552743376,-1.6967805800683355,2
-4.305440984922917,-3.5697944991663624,-2.158772624999421,2
-2.913580649470432,4.529614917736714,-11.36731228946751,0
-6.752594712611375,-3.735638673712636,-2.081413790838301,2
-4.147481692279875,-4.128039933621751,-2.750320896889091,2
-5.9255508543715,-3.9011771691249755,-3.4653160293957495,2
-4.7134672178552375,-7.255377919929717,-8.003018392789674,1
-6.69136798037208,-4.215509623323207,-4.053802951846763,2
-6.806710602874297,-2.6994500436786386,-0.7172612167354242,2
-2.4473336474154443,4.344767803002693,-9.759285711963212,0
-4.392140773528523,-7.51772399523589,-8.398523176825147,1
-2.834524898813344,-6.955784262834116,-9.898490807204603,1
-8.404977035035827,-2.620064557826028,-3.972714053477361,2
-5.51075217688507,-4.4641951716944295,-1.5801694268146043,2
-3.554471661498546,-9.11307042942905,-8.802943984543893,1
-6.556617671625942,-4.649629005917266,-1.8668069285994529,2
-4.3275488368760815,-7.149601070669425,-9.898547407665673,1
-2.2200968243356503,4.547263049751851,-8.230111549702599,0
-7.220083786702901,-2.4808758286771435,-0.6071297117261689,2
-2.54003670219805,4.684618714551604,-10.067869276971129,0
-2.498382151854699,3.7279589691514405,-10.063601714796603,0
-2.390419091493636,5.471243218816949,-8.871895636253397,0
-6.899801041803471,-2.629351181409575,-2.0108697533374253,2
-3.7943947224557477,5.223337045092307,-8.813541193729215,0
-0.40844583407693613,4.131441495034546,-10.992953468840398,0
-6.430383952743163,-3.819823650722963,-2.2338141641382943,2
-1.2319978321801863,4.480499469439074,-10.45088110692621,0
-3.288420907070684,-6.818920884123635,-6.66953401235938,1
-5.466733701866427,-6.841499055278314,-7.281920476843539,1
-3.5260103676071997,3.533169402456153,-9.702149211097712,0
-6.418586984529226,-4.8546463341961426,-1.6559254878324565,2
-5.496548508452777,-1.8811317991039371,-0.8355177866328845,2
-5.483319783965068,-7.113420635439742,-8.75858079192781,1
-3.978247648140377,-7.019410572715422,-7.7607082778074155,1
-5.253775012331301,-4.882857701197523,-1.4541097889920964,2
-0.41126011862817013,3.6488157274185795,-9.409418339733703,0
-1.363121475533003,4.865593009619595,-10.181996326644025,0
-4.9358945771125615,-7.2712756687206435,-8.320334438001652,1
-3.8551896728194084,-8.376218862671083,-7.586178462644879,1
-6.655266436552373,-4.211244111819689,-2.7956303812529826,2
-3.295786326473354,-7.110016581435302,-7.786305343972371,1
-4.766554356273712,-6.318917450571183,-8.057583092136282,1
-4.624725345574418,-7.165685844966997,-11.335356993707155,1
-5.896924966074584,-2.4631216386709083,-2.196407021861857,2
-4.323588029432146,-5.835181151467473,-7.012152769045075,1
-5.678253159473787,-5.109671544114777,-8.09078720184586,1
-3.870149982478054,-7.699415020715205,-8.555710856732707,1
-2.5689862193549446,3.2080217212581053,-11.481155911716753,0
-5.386933998451427,-8.418091816888863,-8.209142637990626,1
-0.6270319475636532,5.5678700555756055,-9.089387766620483,0
-4.2537378641147425,-6.758183896139856,-7.27092063198313,1
-3.6122409290966266,-6.542803870751275,-8.731048748533865,1
-4.906569891590136,-6.739526064092288,-7.98469220587381,1
-5.691391800763045,-3.6362157495077065,-2.3411055292048957,2
-5.1903196809022685,-6.14360754570112,-8.908367723124162,1
-2.497275755294075,4.731526918436047,-10.44373223434216,0
0.8148595021762683,4.074165022289795,-9.22056598457595,0
-3.682240893224843,-8.364345708974524,-7.821371687800172,1
-7.463722800056547,-2.816466121339473,-2.07285884562172,2
-3.115349346323627,5.4018421649910735,-10.345499448177497,0
0.3106408278825097,4.250214466785061,-10.240645273604825,0
-7.384190824330201,-3.409750735915861,-2.2430827728550002,2
-4.781609718213523,-6.110319405686986,-7.233275144165762,1
-6.013978229954477,-1.274025711501145,-1.2876816446167327,2
-4.741977939968046,-8.651389831119168,-6.640787172832923,1
-3.4586608198352815,-7.420487176086286,-8.277192176643835,1
-2.782059482818274,4.805288284214893,-10.022839722013012,0
-3.8009315680542746,-6.62348177242007,-7.712210080601839,1
-4.711369454747347,-5.7952378389305395,-7.072926909352613,1
-0.6680537177162913,4.275175837316402,-12.463709747054379,0
-2.884279173854691,-7.678673251637795,-9.347335012788024,1
-5.116815668417617,-6.767158123287792,-7.545737008552401,1
-4.061406804894728,-6.5802034155958475,-8.483674557937489,1
-4.776654274451875,-6.889161700876783,-8.276572481371197,1
-5.302147808045818,-5.740272395117053,-8.518448198018843,1
-6.037236779649122,-3.1279805151659796,-2.5530838067246653,2
-2.3200402164015195,3.2608669343335697,-8.368525193262903,0
-3.8097473440507903,-6.506191662866912,-8.698192753392231,1
-4.996587863958195,-2.037700786820534,-2.165153954752473,2
-2.728809124739888,6.761381725760382,-11.48216654400324,0
-1.7071519432515,2.6912293142946293,-9.247721153859569,0
-4.203368943610554,-3.4476316671237806,-1.4738201062240668,2
-3.741854710006893,-6.5013023818200875,-10.001656432526788,1
-1.58478745605721,4.744794633360731,-9.71963587756226,0
-1.0156764412217516,5.061109905989774,-9.697517464735109,0
-8.089375964967333,-2.714138301905601,-1.6175946934260805,2
-1.3127005710995332,5.77352257303727,-9.32399642888806,0
-6.23115890579788,-6.383192254855734,-10.1140952560761,1
-6.843200130281696,-1.7496334685157426,-0.5319272316948289,2
-5.850086768079836,-2.5178368671166584,-2.215173921765485,2
-6.329407358336258,-3.2206330980788795,-1.9079173919438424,2
-0.7172543851203923,4.052899126959937,-9.456697911277601,0
-2.755774049316731,3.8643622874225914,-10.971964985858497,0
-6.986912176415681,-3.4190902454194503,-2.4739691268713013,2
-0.5590541888289331,4.310463057020019,-9.70925577400833,0
-5.930767341664551,-4.631366323656833,-1.90858596917119,2
-5.666014795520555,-7.306639291798788,-9.467304492180817,1
-0.5586637481643466,5.517392661695269,-10.245576690419082,0
-5.622779946980007,-1.9555351120708857,-0.9362329377060727,2
-1.0554062648684481,6.791695683328554,-10.121595832873673,0
-2.2780523253060454,2.73296071408212,-9.333318522316945,0
-5.265496013097323,-1.7128340911636932,-2.097943123253542,2
-4.065085146880537,-6.6748140843156865,-7.452897962815184,1
-5.883617695688884,-2.2666082591541525,-2.6821464297495057,2
-2.134880409705504,-6.598079369601068,-9.183318575927002,1
-6.856184355151761,-3.0154584508316375,-3.0457583495521625,2
-7.461792451052962,-2.6655986314780615,-2.8596199892988423,2
-1.7534369412158508,4.236715845591407,-10.538857134446998,0
-1.3447837151054878,4.746634682551583,-9.552596741948065,0
-0.03153608518705697,3.208985004158918,-12.723576445766756,0
-6.716821723200054,-2.8455321169456216,-1.694437054695756,2
-2.104295067789006,-6.677879995957953,-8.675527090732151,1
-1.7787668797210185,3.6806992773073084,-11.063936077777829,0
-2.170356038329844,6.286584767526976,-9.760985963389679,0
-7.611054396627921,-2.7403339116600205,-3.123709587550795,2
-3.6414048332862112,-7.548408090033405,-10.173554444497425,1
-4.670276809401978,-5.925330800227851,-8.385460446450022,1
-5.395677619772946,-6.5329178311825356,-7.56383702346198,1
-5.754783502874908,-4.712674804939478,-1.651529216470092,2
-4.964278234343027,-6.76491995782881,-9.226500566752147,1
-2.8480175614857046,4.650101103449913,-12.09495310279586,0
-5.3308584075078125,-7.891380734658284,-7.840499442096345,1
-1.5050060750372733,3.0295901133498897,-9.84240100430403,0
-4.55154198867898,-7.68938902304582,-7.845053830590037,1
-5.8696205426510515,-8.068637930259246,-7.058598426249117,1
-2.7000771083727653,-5.233494410010903,-8.74821401859679,1
-2.567536894498899,5.262225761949267,-8.770866846970176,0
-5.401329058934163,-3.15407087873556,-0.5305502625532958,2
-7.198183280106411,-2.2100020549407255,-1.8407717052780508,2
-3.522041860175229,-8.686385467064676,-7.220469428917593,1
-2.0168568739926407,5.163908819405203,-9.626799540313188,0
-6.5231103089435996,-2.9727598901003036,-1.8815769209718893,2
-7.564847990756894,-3.614622066376947,-1.8838348322527863,2
-1.2937215628554983,6.013996913298184,-10.235889871567993,0
-7.097144396058256,-4.50335740752306,-2.9696613183076703,2
-4.3989227112340865,-6.781118897495458,-7.750436811934583,1
-1.5444044998861204,5.728920631973212,-9.014553773274793,0
-4.507058969356894,-5.082198278732413,-6.0495556297875215,1
-7.821134075111614,-4.202928382013665,-1.4752743062790252,2
-4.352181329068178,-8.03825717211929,-8.339472012458868,1
-4.383289833668655,-4.779235156953362,-8.235902792479095,1
-3.292976649561834,-6.847360425983738,-7.417244243369517,1
-4.750400459365196,-6.047477740997178,-8.128417946472698,1
0.2564225556883519,3.0930526786203454,-9.965943272164631,0
-1.9087337891065292,4.555802538661137,-12.78700513864563,0
-4.008277862606867,-7.840477646210223,-6.856863055759312,1
-5.271078161633236,-7.46362862399184,-6.495021656747675,1
-6.653051846513418,-4.220542695193011,-1.3186137714595656,2
-5.312737497766963,-3.986177480358163,-1.631324939198545,2
-5.407699255557017,-6.130976304968574,-8.47519964967574,1
-5.695984453776727,-2.0564200766123477,-2.255571573201171,2
-4.617536683436239,-7.67950164096314,-7.378454843517343,1
-1.3436877231713629,3.6028033957794183,-11.662450822442317,0
-4.304479391148742,-7.21291997055279,-9.102746392036282,1
-2.5775359431321374,3.554652453272941,-9.906953931911337,0
-0.7423638854044979,4.486740456587919,-9.769473730215061,0
-4.981322111046983,-6.513677821244844,-8.113955406506056,1
-5.446436248144148,-4.364547319475562,-1.649706274936883,2
-5.478199310038695,-2.109932887502663,-0.07555547008175978,2
-2.1065267429204098,5.134900193804541,-9.824254178517918,0
-6.95389023901139,-3.674504473963378,-2.375024129920691,2
-5.234968304977777,-4.261201332646708,-2.1292267169725654,2
-5.401112261648156,-2.3851149491105383,-1.2807523674792878,2
-5.6218761170804195,-5.155959346696129,-0.9596192068580196,2
-3.8433571156637165,-5.354402104784204,-7.987496495955593,1
-7.39244196414257,-3.910062923193257,-3.5554609773650516,2
-5.048913572993829,-3.200838552161368,-1.74650376918101,2
-5.2875799527852205,-1.3629545255909303,-0.9979156808073684,2
-6.409158241226686,-0.4370167637388245,-2.7103814847387007,2
-5.736250192305869,-4.324667431052006,-2.2900421994060154,2
-2.9155153786238577,-7.395976445174382,-7.3761443629825445,1
-1.8253305671332645,5.105538079071905,-11.152918877763442,0
-4.7947120436302875,-5.000857883007769,-9.893710587109773,1
-2.951122608746964,3.558245953795846,-10.164312075602432,0
-6.469922322504734,-2.668729301589417,-1.9195456100749866,2
-4.825328613794525,-6.186617620780201,-7.603122335765393,1
-2.4135343111003293,5.459623906049087,-9.091847508290998,0
-0.7146425053000451,4.48174425423522,-10.378198292444592,0
-6.619805150138878,-1.8273956000337404,-1.7068900785270467,2
-3.2126007258847857,-7.800620396146468,-8.021032433753899,1
-0.7586882600408775,5.808976526319008,-9.78002995390786,0
-0.1386419596298032,5.000386771303567,-10.747416320638855,0
-4.332195373405832,-4.809102757609387,-2.901547333426949,2
-6.942614528656477,-3.6083049981969615,-0.3169793279760418,2
-5.595157256724203,-4.600974812011918,-1.158265260082414,2
-1.5088546220423344,3.8378317856669613,-8.722774617230032,0
-3.8473714437552773,-8.151974009886711,-7.949438389457162,1
-5.849115174734259,-4.489076521989988,-3.461204500628274,2
-5.807651604935616,-4.537156966043958,-1.3057864517875606,2
-7.126070034476648,-2.3661739946460756,-2.41171756305959,2
-1.5905901010192944,4.879731259864117,-10.648067525951586,0
-3.3232622588786365,-7.531726325456425,-9.035939161288251,1
-0.43559402352303445,2.9759912552966648,-9.143269601739803,0
-5.806856950521345,-3.269654036866433,-0.5965096492718494,2
-2.864203734073092,-7.039859238857103,-9.51670294130862,1
-1.3287627762956282,5.548432388222182,-11.127307662957977,0
-2.4856456870079886,4.800329166288062,-9.545918694694747,0
-1.5068232020841024,3.348204644343486,-10.09966098850137,0
-4.4631989715612885,-7.921283224543394,-9.160577541630404,1
-4.994908783672775,-2.499347178258854,-3.9672231428751283,2
-6.726949301842095,-3.4126186096997064,-1.8857554603965032,2
-3.9590589013626682,-7.350162933346838,-9.535035874562022,1
-7.027574420346524,-2.7894838581905237,-1.1944467351287755,2
-1.6315473363222193,5.100940261841353,-9.581295999100243,0
-0.40236994229271694,4.869061910205689,-10.912745726040717,0
-6.925925020351674,-3.2961601380100416,-2.715442403582099,2
-5.406681884996281,-3.2187520695359537,-3.2550941984828246,2
-3.5048735567714067,-6.29341176636034,-8.460879611043309,1
-1.5071160330365878,4.077689316910127,-11.093955861192605,0
-5.1575127511599135,-6.44815861536054,-9.13081669575811,1
-6.625658712006501,-2.555013631262276,-2.1356928102175847,2
-1.016785244750313,4.936736642050036,-8.551581090055317,0
-5.765077783369126,-4.648915936320453,-6.543154804908637,1
-3.9066879705268525,-6.060912774081196,-6.71141792111175,1
-4.079453404626398,-7.515735032370332,-9.372441889437006,1
-5.713588097912188,-4.220553339538155,-0.188501892231971,2
-1.6340973702813255,4.243724222958082,-9.817979948147238,0
-6.235377439777488,-4.047552825458267,-2.548074845055671,2
-2.134307748029672,4.0801486340186655,-10.707829023035334,0
-6.191829093614284,-3.4965985002990494,-0.04119298073504485,2
-4.663285728324454,-7.52611375612875,-8.842636438830256,1
-0.6437949095412148,5.122169287547692,-8.265535133552833,0
-8.11060702756212,-2.843693151203148,-1.1336778641992364,2
-0.16948290580319436,7.004280579932052,-10.360628117863708,0
-6.341411566456745,-3.4383866372223126,-2.310986770409437,2
-5.847352405653968,-2.937018797939594,-1.4689903662097608,2
-2.0787379723218,4.411450325907789,-10.831269769727555,0
-6.559002874260888,-3.7663448254923306,-2.4985794784298925,2
-1.9986044736145183,6.688831004910365,-9.499130606880719,0
-3.6931065450625806,-7.009150248084207,-8.337121212014472,1
-3.393235495544824,-5.891448803760717,-8.986374771587915,1
-2.379594599023379,3.981833423487489,-9.177643671126143,0
-6.26074633741595,-1.740462423156375,-1.3651752096221537,2
-3.059756119815917,4.228111948178381,-10.909847880785941,0
-5.337877946521655,-5.17159246988027,-7.756676167177867,1
-2.6817534253655104,-5.776483119614345,-7.986515339882631,1
-3.2342838679956025,-5.096996260188751,-8.473145750726047,1
-6.879064550070765,-2.8907503728471005,-1.5379243191761554,2
-3.030492674867169,3.5724861918069726,-10.182362165830586,0
-4.953247018165239,-3.318847543601897,-0.29678553572204724,2
-4.037133346777959,-8.453831361438606,-8.581640197720116,1
-2.908653561420734,4.396486417111599,-11.246176662040638,0
-3.378777945207076,-7.599887518060739,-9.719316527395588,1
-0.8856758951674983,3.8348427506311706,-9.750203951589855,0
-4.275716961893954,-7.420131447695823,-7.767579928240207,1
-4.94793164091787,-9.156135309314145,-8.359957125129512,1
-3.9484464702915516,-6.880668795762848,-6.636865626209292,1
-5.793503219366383,-3.6048443043074965,-1.7846258215039832,2
-8.21440465951647,-4.764191230632569,-0.7462331576027668,2
-6.902749810189315,-3.81092111433266,-0.9798829886588849,2
-5.077082316749339,-7.724626941644489,-7.937608582588101,1
-1.2668728540339438,4.059393899107287,-11.204378442858463,0
-5.872858322263152,-3.123632083762419,-1.3357289876229548,2
-1.068998202635791,4.163616721598937,-8.913747660722803,0
-7.344055321859201,-2.226241993808692,-1.8511627814113392,2
-3.3310024128968063,-8.367820641681629,-8.324613284023712,1
-4.872871237859874,-3.9027033660847885,-2.4432556180235867,2
-7.267002234526146,-2.4583283570661227,-1.7273712409864954,2
-1.821804532019233,4.6976680266196205,-9.889649848568343,0
-1.393898916497143,4.6438487007836144,-11.607233768045607,0
-3.10094181101302,-7.879711919487508,-8.924448661666741,1
-2.1261646197758806,4.496831052550813,-9.402977799482407,0
-2.722053050510199,3.426777181752299,-9.589580453285224,0
-1.4786886842913178,5.517650243345948,-10.463333636951875,0
-1.0221980918871951,3.546583262109108,-8.225104874287673,0
-3.9663524347795405,-8.574661821744014,-7.5883408669420565,1
-6.939874875703224,-4.0452902387465475,-1.239390221121508,2
-0.976175675353832,4.429375843657528,-9.140478228809998,0
-1.9519354745920143,3.589900530714254,-9.396085462106267,0
-2.0440732499883207,-6.556391363400392,-8.789110483345363,1
-1.4981154779724768,3.8640212290229305,-9.165952440195552,0
-2.9435533886955856,-8.441972683570908,-8.200872788217437,1
-6.867886938964273,-3.188928594358996,-2.0766060809740403,2
-3.800378284996374,-6.716059906739721,-7.757512759843589,1
-5.732794908417091,-6.591341391185257,-6.552017482730292,1
-3.9439079018826706,-6.431688923615501,-7.969451350817197,1
-3.873697138204636,-8.165574799573768,-7.563093283716118,1
-7.505841383919053,-3.154291503154915,-0.21532899952504758,2
-0.9793801267641575,4.40018584358344,-10.198012387895762,0
-7.061423685491374,-3.4260446801435567,-2.744474156483771,2
-2.9934219484372697,-7.144471073140622,-7.832040709073642,1
-4.06911592791945,-5.059194608193156,-7.452707870211991,1
-3.1860858130296563,-8.33291725273111,-7.949839613987622,1
-6.736231707126963,-2.5395228270549652,-1.7452130727546022,2
-1.3553439497970563,5.861809248373764,-10.265342056694841,0
-1.5463418654634262,3.163744153578584,-8.398229428810636,0
-2.610871025169122,-7.7238021822463026,-8.721600805884819,1
-7.009997999229631,-4.3393250504904195,-2.7924157625303065,2
-0.5389197810589053,5.847219994742515,-10.08099107705047,0
-7.116039279365928,-4.134268495464384,-2.4990927646377914,2
-8.02927856446756,-1.6292568557552085,-1.1528976667016848,2
-5.9183258252866535,-1.2660696293856744,-1.4577666857902343,2
-6.735341690912147,-2.6914871472512796,-2.6940887468796517,2
-6.673911060957116,-3.3538426845769145,-1.5020919447859404,2
-1.2982064361850554,5.372004596348839,-9.925386583591838,0
-0.5698933352248776,3.5010592094782096,-8.369286008635935,0
-4.198373044906015,-7.123727807496593,-9.162551848318039,1
-3.1708828021483146,3.931382723557869,-11.957219939182217,0
-2.0570347624591725,4.071757647362997,-10.285501280904782,0
-3.17361110320966,4.031652452611905,-9.833263591195339,0
-1.7200332478268692,3.3775293834667846,-9.390772173120258,0
-5.821926354090417,-3.8942929878270274,-1.194316963793724,2
-3.2946019253607224,4.609727852998881,-9.292780404597284,0
-6.781074480367124,-5.542207591779118,-1.1258422256693235,2
-3.3646997049149223,-7.122353779493689,-8.226188739429478,1
-3.56702773472931,-5.561694228671745,-8.890514324428338,1
-2.7324837148919054,5.3218210951451335,-10.604660727515911,0
-6.639881949255722,-3.8308271790857864,-1.540280032659904,2
-2.3014337153052935,-7.214225045170187,-9.254271495247506,1
-6.959284563840211,-1.7418968188592745,-1.6440767587005034,2
-2.9879845663932083,4.571853021368338,-9.970168143843445,0
-0.16794824220971738,4.507666906318695,-8.899474369741698,0
-0.4748857286826249,3.7033282359489683,-8.889716375453679,0
-2.534805464169149,-6.178908572397046,-8.808395491606936,1
-3.6043701556274788,-8.968658113978785,-8.031212709895616,1
-6.692538015448496,-7.115076663157378,-6.01928086441354,1
-1.4074479639372495,3.536771222706216,-9.580320726277991,0
-8.766253448131542,-3.529284787688215,-2.4548237247996383,2
-4.2951782674061505,-6.926631665922398,-9.188071212248861,1
-6.6788554491261625,-3.036560868444398,-2.336906075910931,2
-6.751636940352145,-2.770607855863431,-1.1688997616398271,2
-7.273337272550213,-4.792041290369307,-1.834336136838456,2
-0.15270926460302414,4.929823810337146,-9.582401249444706,0
-1.0776347221730793,3.996282351161383,-7.700846401220177,0
-5.142060544009799,-8.474393694753081,-6.808079126304447,1
-6.550306509788823,-0.18910816247057127,-2.1333981988262254,2
-5.028781362612822,-6.661219102911608,-5.996876183364008,1
-5.892645990034609,-1.6489002092486291,-2.4889161837864613,2
-4.338969969234231,-7.200483513603845,-8.536242188144659,1
-1.017334995901733,4.4640979087899115,-8.922457772215305,0
-5.309069228551501,-3.1802503600163785,-0.295283621132991,2
-2.295833747465471,-7.205598100400927,-10.063877680348956,1
-5.746863163380521,-3.930194269236887,-1.6153078402738281,2
-1.231457234594436,5.596143652273574,-10.418662352157014,0
-6.529296849760392,-3.5483493874632375,-2.3031215371338507,2
-4.565681825711453,-8.208911900583304,-8.350280909748792,1
-5.733003142865318,-3.0497177890685987,-2.83101540313059,2
-1.4609505246888626,4.135784236579716,-9.716465321070055,0
-4.56322872473447,-6.0275424198840275,-9.042676385235254,1
-7.679560772086464,-1.3617331275522366,-2.441270097013951,2
-1.501045021595453,5.2799081033851705,-10.109095874324415,0
-1.147414108022076,5.2646360047688825,-10.044452507708042,0
-4.041855703604652,-4.070153089952425,-1.139021939786927,2
-2.248084952333273,5.83295730125844,-10.311499447318617,0
-1.5994621680507213,4.868910658815923,-9.312876013236014,0
-3.4202945466058554,-5.133603492411743,-8.8594460962849,1
-1.6801705522557193,5.371757964030502,-10.246443040482292,0
-4.825552397004257,-4.8252829741702055,-9.097417987346061,1
-7.134326700536359,-2.9720431527637166,-3.9165817618344336,2
-1.9935279713759475,3.2097267269142664,-10.5217333946171,0
-1.6464309989760086,4.608728924289825,-9.542760262120616,0
-2.1383556698465345,-6.00057584429136,-7.618104177658958,1
-7.192137310435451,-3.043321575805173,-2.928891771130795,2
-6.756902675756941,-3.057199336792607,-4.7411186074240845,2
